,X,Dep,Number,Dep_n,logR_n
0,7.0,16.39,0,0.7245269878119559,0.4720497137695195
1,9.0,16.49,0,0.7303888566453859,0.45894179710842636
2,9.0,15.489999999999998,1,0.6717701683110852,0.4751342469541668
3,11.0,16.54,0,0.7333197910621008,0.4979114593266006
4,11.0,15.54,1,0.6747011027278002,0.49678395318241164
5,13.0,16.64,0,0.739181659895531,0.5093460529141984
6,13.0,15.64,1,0.6805629715612304,0.5266149924105661
7,13.0,14.64,2,0.6219442832269297,0.5445372046968654
8,15.0,16.74,0,0.745043528728961,0.5183151275163393
9,15.0,15.739999999999998,1,0.6864248403946603,0.5414601118118126
10,15.0,14.739999999999998,2,0.6278061520603597,0.555376316969698
11,15.0,13.739999999999998,3,0.569187463726059,0.5565947447054914
12,17.0,16.81,0,0.7491468369123621,0.5159798449256832
13,17.0,15.809999999999999,1,0.6905281485780613,0.5325377352308895
14,17.0,14.809999999999999,2,0.6319094602437607,0.5536339272765973
15,17.0,13.809999999999999,3,0.5732907719094601,0.5679661859870581
16,19.0,16.81,0,0.7491468369123621,0.532879482112913
17,19.0,15.809999999999999,1,0.6905281485780613,0.5518413046724087
18,19.0,14.809999999999999,2,0.6319094602437607,0.5707968985901946
19,19.0,13.809999999999999,3,0.5732907719094601,0.5899424590275523
20,19.0,12.809999999999999,4,0.5146720835751594,0.6203510778699954
21,21.0,16.79,0,0.7479744631456761,0.5878992144707842
22,21.0,15.79,1,0.6893557748113754,0.6005984798336912
23,21.0,14.79,2,0.6307370864770747,0.6127785858839913
24,21.0,13.79,3,0.5721183981427741,0.6561367847886913
25,21.0,12.79,4,0.5134997098084735,0.6561367847886913
26,21.0,11.79,5,0.4548810214741728,0.7002557274536119
27,23.0,16.84,0,0.750905397562391,0.5877850768700145
28,23.0,15.84,1,0.6922867092280905,0.5848809069681666
29,23.0,14.84,2,0.6336680208937898,0.57912672721523
30,23.0,13.84,3,0.5750493325594892,0.678717410136228
31,23.0,12.84,4,0.5164306442251886,0.6968050517449653
32,23.0,11.84,5,0.4578119558908879,0.7099419575812422
33,25.0,17.08,0,0.7649738827626232,0.6349072422921043
34,25.0,16.08,1,0.7063551944283225,0.6223010814651176
35,25.0,15.079999999999998,2,0.6477365060940219,0.6219340812094736
36,25.0,14.079999999999998,3,0.5891178177597213,0.683450355518472
37,25.0,13.079999999999998,4,0.5304991294254207,0.7198180077363503
38,25.0,12.079999999999998,5,0.47188044109111993,0.7238302328704934
39,25.0,11.079999999999998,6,0.4132617527568193,0.6670827362382458
40,27.0,17.33,0,0.7796285548461983,0.5960711985108545
41,27.0,16.33,1,0.7210098665118977,0.5793453821151564
42,27.0,15.329999999999998,2,0.6623911781775971,0.5821217945047853
43,27.0,14.329999999999998,3,0.6037724898432963,0.6352591773883467
44,27.0,13.329999999999998,4,0.5451538015089957,0.6608853643413096
45,27.0,12.329999999999998,5,0.48653511317469517,0.6780102324423292
46,27.0,11.329999999999998,6,0.4279164248403945,0.5642444093087527
47,27.0,10.329999999999998,7,0.3692977365060938,0.5619061915678558
48,29.0,17.42,0,0.7849042367962855,0.6871639749858527
49,29.0,16.42,1,0.7262855484619849,0.6765449652715934
50,29.0,15.420000000000002,2,0.6676668601276843,0.6643045054327724
51,29.0,14.420000000000002,3,0.6090481717933836,0.6068100006902568
52,29.0,13.420000000000002,4,0.550429483459083,0.5397242533248436
53,29.0,12.420000000000002,5,0.4918107951247824,0.5346554711139823
54,29.0,11.420000000000002,6,0.43319210679048176,0.3605518314239841
55,29.0,10.420000000000002,7,0.37457341845618114,0.4006898015020807
56,29.0,9.420000000000002,8,0.31595473012188047,0.40169297248348634
57,31.0,17.52,0,0.7907661056297155,0.7223552262033128
58,31.0,16.52,1,0.7321474172954149,0.7061192562929963
59,31.0,15.52,2,0.6735287289611143,0.5561630180467123
60,31.0,14.52,3,0.6149100406268135,0.30677180256401315
61,31.0,13.52,4,0.5562913522925129,0.19211559299085929
62,31.0,12.52,5,0.4976726639582123,0.293434866884005
63,31.0,11.52,6,0.4390539756239117,0.16315076034248496
64,31.0,10.52,7,0.380435287289611,0.19162519696809924
65,31.0,9.52,8,0.32181659895531045,0.19252905180960433
66,31.0,8.52,9,0.2631979106210098,0.2486992281900647
67,33.0,17.72,0,0.8024898432965756,0.7999015457434534
68,33.0,16.72,1,0.743871154962275,0.7493966071950346
69,33.0,15.719999999999999,2,0.6852524666279743,0.4050698207361364
70,33.0,14.719999999999999,3,0.6266337782936737,0.12139256291997524
71,33.0,13.719999999999999,4,0.5680150899593731,0.0
72,33.0,12.719999999999999,5,0.5093964016250724,0.011468518931115137
73,33.0,11.719999999999999,6,0.45077771329077176,0.17238240513536482
74,33.0,10.719999999999999,7,0.39215902495647115,0.10335416479723364
75,33.0,9.719999999999999,8,0.3335403366221705,0.15064422914149478
76,33.0,8.719999999999999,9,0.27492164828786986,0.1832238664961802
77,35.0,17.96,0,0.8165583284968079,0.8329455249978442
78,35.0,16.96,1,0.7579396401625071,0.755512558500702
79,35.0,15.96,2,0.6993209518282066,0.7366736464653082
80,35.0,14.96,3,0.640702263493906,0.5836885231293029
81,35.0,13.96,4,0.5820835751596053,0.4130989816397466
82,35.0,12.96,5,0.5234648868253047,0.32800136941701374
83,35.0,11.96,6,0.46484619849100406,0.29269384687119643
84,35.0,10.96,7,0.4062275101567034,0.2666369970260558
85,35.0,9.96,8,0.34760882182240277,0.23284438711908115
86,35.0,8.96,9,0.28899013348810215,0.19060051707956158
87,35.0,7.960000000000001,10,0.2303714451538015,0.23736130620689147
88,37.0,18.24,0,0.8329715612304119,0.7337654508626681
89,37.0,17.24,1,0.7743528728961112,0.7504647935913956
90,37.0,16.24,2,0.7157341845618106,0.7495730557955703
91,37.0,15.239999999999998,3,0.65711549622751,0.7351208930493562
92,37.0,14.239999999999998,4,0.5984968078932094,0.6922905585298335
93,37.0,13.239999999999998,5,0.5398781195589087,0.630735455583666
94,37.0,12.239999999999998,6,0.4812594312246081,0.5672825089810554
95,37.0,11.239999999999998,7,0.42264074289030745,0.4973671567535557
96,37.0,10.239999999999998,8,0.3640220545560068,0.43410002307322315
97,37.0,9.239999999999998,9,0.30540336622170616,0.44656352869801097
98,37.0,8.239999999999998,10,0.24678467788740552,0.3887455521565708
99,37.0,7.239999999999998,11,0.18816598955310487,0.3887455521565707
100,39.0,18.58,0,0.8529019152640741,0.7428789425822249
101,39.0,17.58,1,0.7942832269297735,0.7559167056810303
102,39.0,16.58,2,0.7356645385954729,0.7632290114953008
103,39.0,15.579999999999998,3,0.6770458502611721,0.7580896396801831
104,39.0,14.579999999999998,4,0.6184271619268715,0.7350726646261007
105,39.0,13.579999999999998,5,0.5598084735925709,0.6983218290613691
106,39.0,12.579999999999998,6,0.5011897852582703,0.6571615113191959
107,39.0,11.579999999999998,7,0.4425710969239696,0.6121391184738895
108,39.0,10.579999999999998,8,0.383952408589669,0.5630161076224562
109,39.0,9.579999999999998,9,0.3253337202553684,0.5671309162738284
110,39.0,8.579999999999998,10,0.2667150319210677,0.5133676772381875
111,39.0,7.579999999999998,11,0.2080963435867671,0.46778331468457474
112,39.0,6.579999999999998,12,0.14947765525246648,0.5335255046844634
113,41.0,18.81,0,0.8663842135809633,0.7996735105617834
114,41.0,17.81,1,0.8077655252466627,0.7976071628699714
115,41.0,16.81,2,0.7491468369123621,0.7872012455538958
116,41.0,15.809999999999999,3,0.6905281485780613,0.7356813678261558
117,41.0,14.809999999999999,4,0.6319094602437607,0.6505993858027638
118,41.0,13.809999999999999,5,0.5732907719094601,0.5940236199641524
119,41.0,12.809999999999999,6,0.5146720835751594,0.5860783713979796
120,41.0,11.809999999999999,7,0.4560533952408588,0.6004008272817596
121,41.0,10.809999999999999,8,0.3974347069065582,0.6048544431912174
122,41.0,9.809999999999999,9,0.3388160185722575,0.6363036361958079
123,41.0,8.809999999999999,10,0.2801973302379569,0.6064293601336613
124,41.0,7.809999999999999,11,0.22157864190365628,0.6624217206087579
125,41.0,6.809999999999999,12,0.16295995356935564,0.6580732659773779
126,41.0,5.809999999999999,13,0.10434126523505499,0.6580732659773779
127,43.0,19.0,0,0.8775217643644805,0.7577144489045045
128,43.0,18.0,1,0.8189030760301799,0.7443516148438685
129,43.0,17.0,2,0.7602843876958791,0.7131563586041337
130,43.0,16.0,3,0.7016656993615785,0.6534705896316737
131,43.0,15.0,4,0.6430470110272779,0.5561154166067384
132,43.0,14.0,5,0.5844283226929773,0.4919249151848999
133,43.0,13.0,6,0.5258096343586767,0.503083226094307
134,43.0,12.0,7,0.467190946024376,0.5446483906079619
135,43.0,11.0,8,0.4085722576900754,0.5946174993025461
136,43.0,10.0,9,0.34995356935577476,0.6427786637622426
137,43.0,9.0,10,0.2913348810214741,0.6583311146713575
138,43.0,8.0,11,0.23271619268717345,0.7261159946777317
139,43.0,7.0,12,0.17409750435287283,0.7385692134873697
140,43.0,6.0,13,0.1154788160185722,0.7408964903527623
141,43.0,5.0,14,0.05686012768427155,0.7584042656532131
142,45.0,19.05,0,0.8804526987811956,0.7221712787447765
143,45.0,18.05,1,0.821834010446895,0.7194896167739172
144,45.0,17.05,2,0.7632153221125942,0.6858560992142865
145,45.0,16.05,3,0.7045966337782936,0.6257612177416731
146,45.0,15.05,4,0.645977945443993,0.540004644979022
147,45.0,14.05,5,0.5873592571096923,0.47463596183365114
148,45.0,13.05,6,0.5287405687753917,0.44835953594157296
149,45.0,12.05,7,0.4701218804410911,0.5014170261051617
150,45.0,11.05,8,0.4115031921067904,0.5843431737499355
151,45.0,10.05,9,0.3528845037724898,0.6457117116410744
152,45.0,9.05,10,0.2942658154381892,0.6821173942584029
153,45.0,8.05,11,0.23564712710388855,0.7581380632210043
154,45.0,7.050000000000001,12,0.1770284387695879,0.7975778533128584
155,45.0,6.050000000000001,13,0.11840975043528726,0.7746750603317908
156,45.0,5.050000000000001,14,0.05979106210098663,0.8464200603973007
157,45.0,4.050000000000001,15,0.001172373766685988,0.8464200603973007
158,47.0,19.1,0,0.8833836331979107,0.6719145348779537
159,47.0,18.1,1,0.8247649448636101,0.6414119652196927
160,47.0,17.1,2,0.7661462565293093,0.6300861853998666
161,47.0,16.1,3,0.7075275681950087,0.6163513343502176
162,47.0,15.100000000000001,4,0.6489088798607081,0.5872241354741138
163,47.0,14.100000000000001,5,0.5902901915264074,0.5417969959997607
164,47.0,13.100000000000001,6,0.5316715031921068,0.48918500518124175
165,47.0,12.100000000000001,7,0.4730528148578062,0.49913002077989865
166,47.0,11.100000000000001,8,0.41443412652350553,0.5652800571297042
167,47.0,10.100000000000001,9,0.35581543818920486,0.6272907377502095
168,47.0,9.100000000000001,10,0.29719674985490424,0.6838481715706382
169,47.0,8.100000000000001,11,0.23857806152060362,0.7796291709957085
170,47.0,7.100000000000001,12,0.17995937318630295,0.8312921364559355
171,47.0,6.100000000000001,13,0.12134068485200235,0.8650320846669561
172,47.0,5.100000000000001,14,0.0627219965177017,0.9374119566897265
173,47.0,4.100000000000001,15,0.004103308183401062,0.9374119566897265
174,49.0,19.34,0,0.8974521183981428,0.7160395479657047
175,49.0,18.34,1,0.838833430063842,0.7084180900710003
176,49.0,17.34,2,0.7802147417295414,0.7074643225963193
177,49.0,16.34,3,0.7215960533952408,0.7116904339977522
178,49.0,15.34,4,0.6629773650609401,0.6959154605625191
179,49.0,14.34,5,0.6043586767266395,0.6455078026735716
180,49.0,13.34,6,0.5457399883923388,0.5651144643656877
181,49.0,12.34,7,0.4871213000580382,0.5053371643375112
182,49.0,11.34,8,0.4285026117237376,0.5169847947992336
183,49.0,10.34,9,0.36988392338943693,0.5408490939125579
184,49.0,9.34,10,0.31126523505513626,0.6519260464698498
185,49.0,8.34,11,0.2526465467208357,0.7127839070815896
186,49.0,7.34,12,0.19402785838653505,0.7918297671857861
187,49.0,6.34,13,0.13540917005223438,0.9191637371492521
188,49.0,5.34,14,0.07679048171793375,0.9770175886794138
189,49.0,4.34,15,0.01817179338363312,0.9882851204470307
190,51.0,19.53,0,0.90858966918166,0.7308165514887064
191,51.0,18.53,1,0.8499709808473592,0.7260305114003128
192,51.0,17.53,2,0.7913522925130586,0.7153989813538527
193,51.0,16.53,3,0.732733604178758,0.7116412936627655
194,51.0,15.530000000000001,4,0.6741149158444573,0.6878961529810996
195,51.0,14.530000000000001,5,0.6154962275101566,0.6552192557979903
196,51.0,13.530000000000001,6,0.556877539175856,0.5437949593281974
197,51.0,12.530000000000001,7,0.4982588508415554,0.4206329583370463
198,51.0,11.530000000000001,8,0.43964016250725474,0.43486941795431344
199,51.0,10.530000000000001,9,0.3810214741729542,0.4689455070612056
200,51.0,9.530000000000001,10,0.3224027858386535,0.589882370864772
201,51.0,8.530000000000001,11,0.2637840975043529,0.6659922679149115
202,51.0,7.530000000000001,12,0.20516540917005222,0.7584509169038303
203,51.0,6.530000000000001,13,0.1465467208357516,0.8316786904279223
204,51.0,5.530000000000001,14,0.08792803250145097,0.9308650187112762
205,51.0,4.530000000000001,15,0.02930934416715032,1.0
206,53.0,19.62,0,0.9138653511317469,0.7281482132962763
207,53.0,18.62,1,0.8552466627974462,0.739777291433372
208,53.0,17.62,2,0.7966279744631457,0.7173865555274865
209,53.0,16.62,3,0.7380092861288451,0.6904320356146202
210,53.0,15.620000000000001,4,0.6793905977945444,0.6455321674400116
211,53.0,14.620000000000001,5,0.6207719094602437,0.600285871293884
212,53.0,13.620000000000001,6,0.5621532211259431,0.46924368851944637
213,53.0,12.620000000000001,7,0.5035345327916425,0.3443089118119803
214,53.0,11.620000000000001,8,0.4449158444573418,0.367905618426213
215,53.0,10.620000000000001,9,0.3862971561230412,0.3900352309081318
216,53.0,9.620000000000001,10,0.32767846778874055,0.5263659758662318
217,53.0,8.620000000000001,11,0.26905977945443993,0.6144268895170328
218,53.0,7.620000000000001,12,0.21044109112013928,0.7156894982221231
219,53.0,6.620000000000001,13,0.15182240278583864,0.8000219283621735
220,53.0,5.620000000000001,14,0.09320371445153801,0.9028519163878925
221,53.0,4.620000000000001,15,0.03458502611723737,0.9847960740007895
222,55.0,19.67,0,0.916796285548462,0.7092083124950843
223,55.0,18.67,1,0.8581775972141613,0.6852488030161884
224,55.0,17.67,2,0.7995589088798607,0.6781911177212455
225,55.0,16.67,3,0.7409402205455601,0.6521303906322569
226,55.0,15.670000000000002,4,0.6823215322112595,0.6124500107013529
227,55.0,14.670000000000002,5,0.6237028438769588,0.5618369892068874
228,55.0,13.670000000000002,6,0.5650841555426582,0.4293079708212769
229,55.0,12.670000000000002,7,0.5064654672083575,0.33263186247600784
230,55.0,11.670000000000002,8,0.4478467788740569,0.3494417439830618
231,55.0,10.670000000000002,9,0.38922809053975627,0.3521841059280936
232,55.0,9.670000000000002,10,0.3306094022054556,0.4886155920845103
233,55.0,8.670000000000002,11,0.27199071387115503,0.5763582575897246
234,55.0,7.670000000000002,12,0.21337202553685436,0.6822939736385206
235,55.0,6.670000000000002,13,0.15475333720255371,0.7689453281985432
236,55.0,5.670000000000002,14,0.09613464886825307,0.8745324481075221
237,55.0,4.670000000000002,15,0.037515960533952446,0.9611285400463968
238,57.0,19.45,0,0.9039001741149157,0.7353309923567118
239,57.0,18.45,1,0.8452814857806151,0.7440028958708533
240,57.0,17.45,2,0.7866627974463145,0.7530629697227595
241,57.0,16.45,3,0.7280441091120138,0.6995006640740201
242,57.0,15.45,4,0.6694254207777132,0.6440474631729064
243,57.0,14.45,5,0.6108067324434125,0.5649988049833683
244,57.0,13.45,6,0.5521880441091119,0.453958576499687
245,57.0,12.45,7,0.49356935577481126,0.34292431732313067
246,57.0,11.45,8,0.43495066744051064,0.34756872336991373
247,57.0,10.45,9,0.37633197910620997,0.3853612948111441
248,57.0,9.45,10,0.31771329077190935,0.4574511413312151
249,57.0,8.45,11,0.2590946024376087,0.6395062502539497
250,57.0,7.449999999999999,12,0.20047591410330806,0.6558192178572035
251,57.0,6.449999999999999,13,0.14185722576900744,0.8452780433093646
252,57.0,5.449999999999999,14,0.08323853743470679,0.9420455982552276
253,57.0,4.449999999999999,15,0.02461984910040616,0.9420455982552276
254,59.0,19.03,0,0.8792803250145095,0.6104065759020508
255,59.0,18.03,1,0.8206616366802089,0.6297481995645803
256,59.0,17.03,2,0.7620429483459084,0.6308222282154174
257,59.0,16.03,3,0.7034242600116077,0.6036002564877895
258,59.0,15.030000000000001,4,0.644805571677307,0.5742244974192712
259,59.0,14.030000000000001,5,0.5861868833430064,0.5140468213995009
260,59.0,13.030000000000001,6,0.5275681950087058,0.4040516701646991
261,59.0,12.030000000000001,7,0.4689495066744051,0.29124981899160846
262,59.0,11.030000000000001,8,0.41033081834010443,0.2792078126670191
263,59.0,10.030000000000001,9,0.35171213000580387,0.4086669012241706
264,59.0,9.030000000000001,10,0.2930934416715032,0.46392037488477156
265,59.0,8.030000000000001,11,0.23447475333720255,0.618977602320957
266,59.0,7.030000000000001,12,0.17585606500290193,0.7163332065238955
267,59.0,6.030000000000001,13,0.11723737666860128,0.8374603914556192
268,59.0,5.030000000000001,14,0.05861868833430064,0.9277884875739256
269,59.0,4.030000000000001,15,0.0,0.9277884875739256
270,61.0,18.99,0,0.8769355774811374,0.518236767829969
271,61.0,17.99,1,0.8183168891468368,0.46645386430410785
272,61.0,16.99,2,0.7596982008125361,0.4759015228941486
273,61.0,15.989999999999998,3,0.7010795124782354,0.49178673905689996
274,61.0,14.989999999999998,4,0.6424608241439348,0.4866398653397655
275,61.0,13.989999999999998,5,0.5838421358096342,0.4456183475707227
276,61.0,12.989999999999998,6,0.5252234474753334,0.34165011966122427
277,61.0,11.989999999999998,7,0.4666047591410329,0.2506978881111841
278,61.0,10.989999999999998,8,0.40798607080673227,0.237413799258468
279,61.0,9.989999999999998,9,0.34936738247243165,0.362967694755227
280,61.0,8.989999999999998,10,0.29074869413813104,0.4720861136776494
281,61.0,7.989999999999998,11,0.23213000580383036,0.5873420122265246
282,61.0,6.989999999999998,12,0.17351131746952972,0.6939826617213803
283,61.0,5.989999999999998,13,0.1148926291352291,0.8222728411509934
284,61.0,4.989999999999998,14,0.05627394080092845,0.9172502380905478
285,63.0,19.2,0,0.8892455020313406,0.4342422525050356
286,63.0,18.2,1,0.8306268136970398,0.4314448668779267
287,63.0,17.2,2,0.7720081253627393,0.4277343495498891
288,63.0,16.2,3,0.7133894370284387,0.437959071423403
289,63.0,15.2,4,0.6547707486941381,0.43074409977223344
290,63.0,14.2,5,0.5961520603598374,0.39022948562658005
291,63.0,13.2,6,0.5375333720255367,0.3062422349692579
292,63.0,12.2,7,0.4789146836912361,0.22673829848483856
293,63.0,11.2,8,0.42029599535693546,0.22007902593611134
294,63.0,10.2,9,0.36167730702263484,0.36361246558548105
295,63.0,9.2,10,0.3030586186883342,0.4234706942880696
296,63.0,8.2,11,0.24443993035403355,0.5739464537639565
297,63.0,7.199999999999999,12,0.1858212420197329,0.684320017121402
298,63.0,6.199999999999999,13,0.1272025536854323,0.8170901231156028
299,63.0,5.199999999999999,14,0.06858386535113165,0.9135350772317951
300,63.0,4.199999999999999,15,0.009965177016831,0.9135350772317951
301,65.0,19.32,0,0.8962797446314567,0.4901796789011462
302,65.0,18.32,1,0.837661056297156,0.5017431015713554
303,65.0,17.32,2,0.7790423679628555,0.5037039626782684
304,65.0,16.32,3,0.7204236796285548,0.48001120677869213
305,65.0,15.32,4,0.6618049912942542,0.4470334628475707
306,65.0,14.32,5,0.6031863029599536,0.39546811720276653
307,65.0,13.32,6,0.5445676146256528,0.3299620079506235
308,65.0,12.32,7,0.4859489262913522,0.2676309399491014
309,65.0,11.32,8,0.4273302379570516,0.2660744248550647
310,65.0,10.32,9,0.368711549622751,0.38953656419602
311,65.0,9.32,10,0.3100928612884503,0.38083328265356536
312,65.0,8.32,11,0.2514741729541497,0.5814571122123756
313,65.0,7.32,12,0.19285548461984903,0.6854010875254468
314,65.0,6.32,13,0.1342367962855484,0.8204066364367418
315,65.0,5.32,14,0.07561810795124778,0.9148313969561084
316,65.0,4.32,15,0.016999419616947134,0.9148313969561084
317,67.0,19.3,0,0.8951073708647708,0.4438330435774788
318,67.0,18.3,1,0.83648868253047,0.4546853505202185
319,67.0,17.3,2,0.7778699941961694,0.4698173477276287
320,67.0,16.3,3,0.7192513058618688,0.4786638870997583
321,67.0,15.3,4,0.6606326175275681,0.4674774435021485
322,67.0,14.3,5,0.6020139291932675,0.4295295497111955
323,67.0,13.3,6,0.543395240858967,0.3698933896625078
324,67.0,12.3,7,0.4847765525246662,0.31068120488395284
325,67.0,11.3,8,0.4261578641903656,0.29782381197730484
326,67.0,10.3,9,0.367539175856065,0.39493080481872306
327,67.0,9.3,10,0.3089204875217643,0.4011247820720786
328,67.0,8.3,11,0.2503017991874637,0.5862819969691734
329,67.0,7.300000000000001,12,0.19168311085316306,0.6845284968061628
330,67.0,6.300000000000001,13,0.1330644225188624,0.8206628390785684
331,67.0,5.300000000000001,14,0.07444573418456178,0.9134630920084099
332,67.0,4.300000000000001,15,0.015827045850261144,0.9134630920084099
333,69.0,19.24,0,0.8915902495647126,0.2492018854949534
334,69.0,18.24,1,0.8329715612304119,0.37617048797736896
335,69.0,17.24,2,0.7743528728961112,0.4569776653731802
336,69.0,16.24,3,0.7157341845618106,0.4913435502054157
337,69.0,15.239999999999998,4,0.65711549622751,0.49513910634987424
338,69.0,14.239999999999998,5,0.5984968078932094,0.4663734783163856
339,69.0,13.239999999999998,6,0.5398781195589087,0.39965694126292844
340,69.0,12.239999999999998,7,0.4812594312246081,0.3285610585425729
341,69.0,11.239999999999998,8,0.42264074289030745,0.2919654156076703
342,69.0,10.239999999999998,9,0.3640220545560068,0.37630069029039964
343,69.0,9.239999999999998,10,0.30540336622170616,0.4618666276166486
344,69.0,8.239999999999998,11,0.24678467788740552,0.5753802734159232
345,69.0,7.239999999999998,12,0.18816598955310487,0.674635669617557
346,69.0,6.239999999999998,13,0.12954730121880426,0.8103848630057998
347,69.0,5.239999999999998,14,0.07092861288450361,0.9032954309569504
348,69.0,4.239999999999998,15,0.012309924550202975,0.9032954309569504
349,71.0,19.29,0,0.8945211839814277,0.33517387228430595
350,71.0,18.29,1,0.8359024956471269,0.448744899862746
351,71.0,17.29,2,0.7772838073128263,0.5182899458102519
352,71.0,16.29,3,0.7186651189785257,0.5446551947092493
353,71.0,15.29,4,0.6600464306442251,0.5405190280768875
354,71.0,14.29,5,0.6014277423099244,0.5032978377004803
355,71.0,13.29,6,0.5428090539756237,0.4263970845070873
356,71.0,12.29,7,0.4841903656413231,0.3412836740262115
357,71.0,11.29,8,0.4255716773070225,0.2838781484874393
358,71.0,10.29,9,0.3669529889727219,0.36538525389319865
359,71.0,9.29,10,0.30833430063842127,0.41247626000796944
360,71.0,8.29,11,0.2497156123041206,0.5569736038372223
361,71.0,7.289999999999999,12,0.19109692396981998,0.6574360109515677
362,71.0,6.289999999999999,13,0.13247823563551933,0.7896421589197634
363,71.0,5.289999999999999,14,0.07385954730121869,0.8822803001240876
364,71.0,4.289999999999999,15,0.015240858966918049,0.8822803001240876
365,73.0,19.36,0,0.8986244921648286,0.35046917191845217
366,73.0,18.36,1,0.840005803830528,0.417198362505572
367,73.0,17.36,2,0.7813871154962274,0.47634401181717806
368,73.0,16.36,3,0.7227684271619267,0.505197473086345
369,73.0,15.36,4,0.6641497388276261,0.5065474974764202
370,73.0,14.36,5,0.6055310504933256,0.4810697085250334
371,73.0,13.36,6,0.5469123621590248,0.42227955543636403
372,73.0,12.36,7,0.4882936738247242,0.35169952730825144
373,73.0,11.36,8,0.4296749854904236,0.29761284519065534
374,73.0,10.36,9,0.3710562971561229,0.3683778008209736
375,73.0,9.36,10,0.3124376088218223,0.40477976255555703
376,73.0,8.36,11,0.25381892048752164,0.5397006624393096
377,73.0,7.359999999999999,12,0.19520023215322102,0.6352073868408898
378,73.0,6.359999999999999,13,0.1365815438189204,0.7589538950391428
379,73.0,5.359999999999999,14,0.07796285548461974,0.8502935360120698
380,73.0,4.359999999999999,15,0.01934416715031911,0.8502935360120698
381,75.0,19.41,0,0.9015554265815438,0.44721601469546834
382,75.0,18.41,1,0.8429367382472431,0.3261778806581878
383,75.0,17.41,2,0.7843180499129425,0.3775867496991457
384,75.0,16.41,3,0.7256993615786418,0.4154769060888764
385,75.0,15.41,4,0.6670806732443412,0.42887504867571424
386,75.0,14.41,5,0.6084619849100406,0.42004660899837043
387,75.0,13.41,6,0.5498432965757398,0.38526440170707227
388,75.0,12.41,7,0.49122460824143926,0.34237981614133456
389,75.0,11.41,8,0.43260591990713865,0.30226804291569437
390,75.0,10.41,9,0.37398723157283803,0.35378252487705714
391,75.0,9.41,10,0.31536854323853736,0.38632613307224434
392,75.0,8.41,11,0.25674985490423674,0.5159142722907822
393,75.0,7.41,12,0.19813116656993612,0.6056841221511267
394,75.0,6.41,13,0.13951247823563545,0.7175399093832788
395,75.0,5.41,14,0.08089378990133482,0.8084533993706164
396,75.0,4.41,15,0.022275101567034186,0.8084533993706164
397,77.0,19.44,0,0.9033139872315729,0.5237705910084957
398,77.0,18.44,1,0.8446952988972721,0.5310426113711695
399,77.0,17.44,2,0.7860766105629715,0.4876834101020582
400,77.0,16.44,3,0.727457922228671,0.42339322543633784
401,77.0,15.440000000000001,4,0.6688392338943703,0.3988549350888704
402,77.0,14.440000000000001,5,0.6102205455600697,0.3754213757384194
403,77.0,13.440000000000001,6,0.551601857225769,0.33457040551597134
404,77.0,12.440000000000001,7,0.49298316889146837,0.30278344510304905
405,77.0,11.440000000000001,8,0.4343644805571677,0.2660117608647668
406,77.0,10.440000000000001,9,0.37574579222286714,0.30528334471996466
407,77.0,9.440000000000001,10,0.31712710388856646,0.3472847966464798
408,77.0,8.440000000000001,11,0.25850841555426585,0.4771427957649711
409,77.0,7.440000000000001,12,0.19988972721996517,0.5670626397627628
410,77.0,6.440000000000001,13,0.14127103888566456,0.6714232909554292
411,77.0,5.440000000000001,14,0.0826523505513639,0.7617115526997569
412,77.0,4.440000000000001,15,0.024033662217063267,0.7617115526997569
413,79.0,19.49,0,0.9062449216482876,0.7125996452857896
414,79.0,18.49,1,0.847626233313987,0.6665309586838752
415,79.0,17.49,2,0.7890075449796864,0.6209427249050801
416,79.0,16.49,3,0.7303888566453859,0.5194209225209699
417,79.0,15.489999999999998,4,0.6717701683110852,0.4465783956653838
418,79.0,14.489999999999998,5,0.6131514799767845,0.3848112420138433
419,79.0,13.489999999999998,6,0.5545327916424839,0.3122519649509697
420,79.0,12.489999999999998,7,0.49591410330818325,0.2581664165035953
421,79.0,11.489999999999998,8,0.4372954149738826,0.20929457124683626
422,79.0,10.489999999999998,9,0.37867672663958196,0.2522462319478212
423,79.0,9.489999999999998,10,0.32005803830528134,0.3396910029598644
424,79.0,8.489999999999998,11,0.2614393499709807,0.43185788433966527
425,79.0,7.489999999999998,12,0.20282066163668006,0.5258822601564264
426,79.0,6.489999999999998,13,0.1442019733023794,0.6316685326909558
427,79.0,5.489999999999998,14,0.08558328496807877,0.7146592007017296
428,79.0,4.489999999999998,15,0.026964596633778135,0.7146592007017296
429,81.0,19.49,0,0.9062449216482876,0.7300642296409056
430,81.0,18.49,1,0.847626233313987,0.7179618085905597
431,81.0,17.49,2,0.7890075449796864,0.6790613509818326
432,81.0,16.49,3,0.7303888566453859,0.6190327808001089
433,81.0,15.489999999999998,4,0.6717701683110852,0.5498574444916251
434,81.0,14.489999999999998,5,0.6131514799767845,0.46436411125688226
435,81.0,13.489999999999998,6,0.5545327916424839,0.36065015050600513
436,81.0,12.489999999999998,7,0.49591410330818325,0.2661579281940063
437,81.0,11.489999999999998,8,0.4372954149738826,0.19044799850962918
438,81.0,10.489999999999998,9,0.37867672663958196,0.229870286769253
439,81.0,9.489999999999998,10,0.32005803830528134,0.30279903035276967
440,81.0,8.489999999999998,11,0.2614393499709807,0.3964768058164995
441,81.0,7.489999999999998,12,0.20282066163668006,0.49082218846895626
442,81.0,6.489999999999998,13,0.1442019733023794,0.5873339420077976
443,81.0,5.489999999999998,14,0.08558328496807877,0.6719663494611154
444,81.0,4.489999999999998,15,0.026964596633778135,0.6719663494611154
445,83.0,19.49,0,0.9062449216482876,0.7140573997728837
446,83.0,18.49,1,0.847626233313987,0.7092443636613859
447,83.0,17.49,2,0.7890075449796864,0.7138343650842733
448,83.0,16.49,3,0.7303888566453859,0.6987111333121286
449,83.0,15.489999999999998,4,0.6717701683110852,0.6540172982316447
450,83.0,14.489999999999998,5,0.6131514799767845,0.5678550117290616
451,83.0,13.489999999999998,6,0.5545327916424839,0.44921160291290246
452,83.0,12.489999999999998,7,0.49591410330818325,0.32475996005799573
453,83.0,11.489999999999998,8,0.4372954149738826,0.2239942506891883
454,83.0,10.489999999999998,9,0.37867672663958196,0.22639497504779074
455,83.0,9.489999999999998,10,0.32005803830528134,0.2791325595085636
456,83.0,8.489999999999998,11,0.2614393499709807,0.37091182129998984
457,83.0,7.489999999999998,12,0.20282066163668006,0.4607650664330001
458,83.0,6.489999999999998,13,0.1442019733023794,0.5505604536566323
459,83.0,5.489999999999998,14,0.08558328496807877,0.63166059668848
460,83.0,4.489999999999998,15,0.026964596633778135,0.63166059668848
461,85.0,19.45,0,0.9039001741149157,0.7030530441662131
462,85.0,18.45,1,0.8452814857806151,0.7357298576123372
463,85.0,17.45,2,0.7866627974463145,0.7493864028293199
464,85.0,16.45,3,0.7280441091120138,0.7395812287623268
465,85.0,15.45,4,0.6694254207777132,0.7030357130534516
466,85.0,14.45,5,0.6108067324434125,0.6266575699975542
467,85.0,13.45,6,0.5521880441091119,0.5104232065672082
468,85.0,12.45,7,0.49356935577481126,0.3757355019692627
469,85.0,11.45,8,0.43495066744051064,0.25747503933885046
470,85.0,10.45,9,0.37633197910620997,0.22044004648135834
471,85.0,9.45,10,0.31771329077190935,0.25326794819010434
472,85.0,8.45,11,0.2590946024376087,0.34192425333215776
473,85.0,7.449999999999999,12,0.20047591410330806,0.42813104380826306
474,85.0,6.449999999999999,13,0.14185722576900744,0.5229212657648645
475,85.0,5.449999999999999,14,0.08323853743470679,0.6046029187913862
476,85.0,4.449999999999999,15,0.02461984910040616,0.6046029187913862
477,87.0,19.55,0,0.9097620429483458,0.689322040101179
478,87.0,18.55,1,0.8511433546140452,0.7165564585757495
479,87.0,17.55,2,0.7925246662797446,0.7327097857487535
480,87.0,16.55,3,0.7339059779454439,0.7296064026549259
481,87.0,15.55,4,0.6752872896111434,0.7034433225036885
482,87.0,14.55,5,0.6166686012768428,0.6424742720614435
483,87.0,13.55,6,0.558049912942542,0.5332923263473195
484,87.0,12.55,7,0.4994312246082414,0.3906480523529262
485,87.0,11.55,8,0.4408125362739408,0.25863261383720826
486,87.0,10.55,9,0.3821938479396401,0.19237886072289698
487,87.0,9.55,10,0.3235751596053395,0.2144407414021073
488,87.0,8.55,11,0.2649564712710389,0.30292364271451344
489,87.0,7.550000000000001,12,0.2063377829367382,0.3906557904368533
490,87.0,6.550000000000001,13,0.14771909460243757,0.5031874216856949
491,87.0,5.550000000000001,14,0.08910040626813695,0.5843663140038439
492,87.0,4.550000000000001,15,0.03048171793383631,0.5843663140038439
493,89.0,20.2,0,0.9478641903656412,0.8936545915520341
494,89.0,19.2,1,0.8892455020313406,0.8934882329537054
495,89.0,18.2,2,0.8306268136970398,0.7204593728816029
496,89.0,17.2,3,0.7720081253627393,0.6784022121084469
497,89.0,16.2,4,0.7133894370284387,0.6631489441586902
498,89.0,15.2,5,0.6547707486941381,0.6246427887171037
499,89.0,14.2,6,0.5961520603598374,0.5524374323396813
500,89.0,13.2,7,0.5375333720255367,0.3950279899115156
501,89.0,12.2,8,0.4789146836912361,0.21066600170584923
502,89.0,11.2,9,0.42029599535693546,0.11141456428895745
503,89.0,10.2,10,0.36167730702263484,0.14397309338162667
504,89.0,9.2,11,0.3030586186883342,0.24857925051770294
505,89.0,8.2,12,0.24443993035403355,0.3103588104481543
506,89.0,7.199999999999999,13,0.1858212420197329,0.46515292098037175
507,89.0,6.199999999999999,14,0.1272025536854323,0.5718038109879517
508,89.0,5.199999999999999,15,0.06858386535113165,0.5718038109879517
509,89.0,4.199999999999999,16,0.009965177016831,0.5718038109879517
510,91.0,20.85,0,0.9859663377829367,0.6710047133962496
511,91.0,19.85,1,0.9273476494486361,0.6566748109581734
512,91.0,18.85,2,0.8687289611143354,0.6397669130856711
513,91.0,17.85,3,0.8101102727800348,0.6189813652608468
514,91.0,16.85,4,0.7514915844457343,0.6048221526279616
515,91.0,15.850000000000001,5,0.6928728961114335,0.6206905639606288
516,91.0,14.850000000000001,6,0.6342542077771329,0.4944744061850132
517,91.0,13.850000000000001,7,0.5756355194428323,0.3278482926820029
518,91.0,12.850000000000001,8,0.5170168311085317,0.3148694518563297
519,91.0,11.850000000000001,9,0.458398142774231,0.16844390490855904
520,91.0,10.850000000000001,10,0.39977945443993035,0.0760765529154164
521,91.0,9.850000000000001,11,0.34116076610562973,0.12682957094631633
522,91.0,8.850000000000001,12,0.2825420777713291,0.2321621812528462
523,91.0,7.850000000000001,13,0.22392338943702844,0.3338302241970415
524,91.0,6.850000000000001,14,0.1653047011027278,0.4678335236031054
525,91.0,5.850000000000001,15,0.10668601276842718,0.5674528321618753
526,91.0,4.850000000000001,16,0.048067324434126535,0.5674528321618753
527,93.0,21.17,0,1.0047243180499128,0.7272849933221576
528,93.0,20.17,1,0.9461056297156124,0.7291135287976326
529,93.0,19.17,2,0.8874869413813117,0.731838708987125
530,93.0,18.17,3,0.8288682530470111,0.6760214051016562
531,93.0,17.17,4,0.7702495647127104,0.6646518981765336
532,93.0,16.17,5,0.7116308763784097,0.6104938406147227
533,93.0,15.170000000000002,6,0.6530121880441091,0.4831936124334471
534,93.0,14.170000000000002,7,0.5943934997098085,0.46143596725625924
535,93.0,13.170000000000002,8,0.5357748113755079,0.310812855154427
536,93.0,12.170000000000002,9,0.47715612304120725,0.13106469021934922
537,93.0,11.170000000000002,10,0.4185374347069066,0.062030075791373256
538,93.0,10.170000000000002,11,0.3599187463726059,0.05266531566054453
539,93.0,9.170000000000002,12,0.30130005803830534,0.22332078117550033
540,93.0,8.170000000000002,13,0.2426813697040047,0.33003729120733444
541,93.0,7.170000000000002,14,0.18406268136970402,0.4772786667840998
542,93.0,6.170000000000002,15,0.1254439930354034,0.5770101273048364
543,93.0,5.170000000000002,16,0.06682530470110276,0.5770101273048364
544,93.0,4.170000000000002,17,0.008206616366802123,0.5770101273048364
545,95.0,21.26,0,1.01,0.73419235423213
546,95.0,20.26,1,0.9513813116656994,0.7495105734858964
547,95.0,19.26,2,0.8927626233313987,0.7575881658479412
548,95.0,18.26,3,0.834143934997098,0.7301175255242293
549,95.0,17.26,4,0.7755252466627974,0.7024224506016261
550,95.0,16.26,5,0.7169065583284969,0.6271321573702471
551,95.0,15.260000000000002,6,0.6582878699941962,0.48854822349184907
552,95.0,14.260000000000002,7,0.5996691816598956,0.46716241386850427
553,95.0,13.260000000000002,8,0.541050493325595,0.30912017411756443
554,95.0,12.260000000000002,9,0.4824318049912943,0.13414978970819869
555,95.0,11.260000000000002,10,0.4238131166569936,0.08380678958795533
556,95.0,10.260000000000002,11,0.365194428322693,0.06884820215100589
557,95.0,9.260000000000002,12,0.3065757399883924,0.23273548310880562
558,95.0,8.260000000000002,13,0.24795705165409174,0.34055909182032185
559,95.0,7.260000000000002,14,0.1893383633197911,0.49007110544650645
560,95.0,6.260000000000002,15,0.13071967498549045,0.5892179050128946
561,95.0,5.260000000000002,16,0.0721009866511898,0.5892179050128946
562,95.0,4.260000000000002,17,0.013482298316889173,0.5892179050128946
563,97.0,21.14,0,1.0029657573998838,0.7056083645167246
564,97.0,20.14,1,0.9443470690655832,0.7333587698518166
565,97.0,19.14,2,0.8857283807312826,0.7524310106956407
566,97.0,18.14,3,0.827109692396982,0.7335366032822972
567,97.0,17.14,4,0.7684910040626812,0.7110236032380389
568,97.0,16.14,5,0.7098723157283807,0.6235844499808367
569,97.0,15.14,6,0.6512536273940801,0.48637310674435236
570,97.0,14.14,7,0.5926349390597795,0.324733792893275
571,97.0,13.14,8,0.5340162507254788,0.3177520312655907
572,97.0,12.14,9,0.47539756239117814,0.16012688780677203
573,97.0,11.14,10,0.41677887405687747,0.12587579408732563
574,97.0,10.14,11,0.35816018572257685,0.14297453661659057
575,97.0,9.14,12,0.29954149738827623,0.25469366401307264
576,97.0,8.14,13,0.2409228090539756,0.35959411719709133
577,97.0,7.140000000000001,14,0.18230412071967494,0.5013786085200171
578,97.0,6.140000000000001,15,0.12368543238537431,0.5981569961298446
579,97.0,5.140000000000001,16,0.06506674405107367,0.5981569961298446
580,97.0,4.140000000000001,17,0.006448055716773037,0.5981569961298446
581,99.0,20.96,0,0.9924143934997098,0.6580015982707671
582,99.0,19.96,1,0.9337957051654091,0.681824315706504
583,99.0,18.96,2,0.8751770168311085,0.6446285278484531
584,99.0,17.96,3,0.8165583284968079,0.6490840123507737
585,99.0,16.96,4,0.7579396401625071,0.6313302408232793
586,99.0,15.96,5,0.6993209518282066,0.5906502780969654
587,99.0,14.96,6,0.640702263493906,0.4726107157709886
588,99.0,13.96,7,0.5820835751596053,0.3344977940926142
589,99.0,12.96,8,0.5234648868253047,0.2103082637370864
590,99.0,11.96,9,0.46484619849100406,0.19342644279480292
591,99.0,10.96,10,0.4062275101567034,0.15390241019486178
592,99.0,9.96,11,0.34760882182240277,0.20348203643727353
593,99.0,8.96,12,0.28899013348810215,0.28320589152527387
594,99.0,7.960000000000001,13,0.2303714451538015,0.3825205663297698
595,99.0,6.960000000000001,14,0.17175275681950086,0.5109197639248363
596,99.0,5.960000000000001,15,0.11313406848520022,0.603204049421779
597,99.0,4.960000000000001,16,0.05451538015089958,0.603204049421779
598,101.0,20.69,0,0.9765873476494485,0.6952553738976913
599,101.0,19.69,1,0.9179686593151479,0.6947372757186547
600,101.0,18.69,2,0.8593499709808474,0.6840544489628624
601,101.0,17.69,3,0.8007312826465467,0.6699328998447674
602,101.0,16.69,4,0.7421125943122461,0.6305194052396955
603,101.0,15.690000000000001,5,0.6834939059779455,0.5525886841179681
604,101.0,14.690000000000001,6,0.6248752176436448,0.465673215561802
605,101.0,13.690000000000001,7,0.5662565293093441,0.3478302405982191
606,101.0,12.690000000000001,8,0.5076378409750435,0.23000954395584966
607,101.0,11.690000000000001,9,0.4490191526407429,0.1883318499125013
608,101.0,10.690000000000001,10,0.39040046430644226,0.20171583740656038
609,101.0,9.690000000000001,11,0.3317817759721416,0.32669422595195985
610,101.0,8.690000000000001,12,0.273163087637841,0.33018772235977223
611,101.0,7.690000000000001,13,0.21454439930354033,0.5095682240701706
612,101.0,6.690000000000001,14,0.1559257109692397,0.6052510788874668
613,101.0,5.690000000000001,15,0.09730702263493907,0.6052510788874668
614,101.0,4.690000000000001,16,0.03868833430063843,0.6052510788874668
615,103.0,20.46,0,0.9631050493325595,0.7329436854797471
616,103.0,19.46,1,0.9044863609982589,0.739489083798405
617,103.0,18.46,2,0.8458676726639582,0.7252660583242054
618,103.0,17.46,3,0.7872489843296575,0.6783045273688254
619,103.0,16.46,4,0.7286302959953569,0.6078929874712009
620,103.0,15.46,5,0.6700116076610563,0.5222696348335141
621,103.0,14.46,6,0.6113929193267557,0.4283776262905538
622,103.0,13.46,7,0.5527742309924549,0.3527296465560991
623,103.0,12.46,8,0.49415554265815437,0.26074201830524185
624,103.0,11.46,9,0.4355368543238537,0.26006472515287876
625,103.0,10.46,10,0.3769181659895531,0.24403256253963665
626,103.0,9.46,11,0.3182994776552524,0.34276574839405166
627,103.0,8.46,12,0.25968078932095184,0.42770555480046524
628,103.0,7.460000000000001,13,0.20106210098665117,0.5098917695236063
629,103.0,6.460000000000001,14,0.14244341265235053,0.6058360313377443
630,103.0,5.460000000000001,15,0.0838247243180499,0.6058360313377443
631,103.0,4.460000000000001,16,0.025206035983749257,0.6058360313377443
632,105.0,20.37,0,0.9578293673824724,0.68102283530159
633,105.0,19.37,1,0.8992106790481718,0.6565130871597293
634,105.0,18.37,2,0.8405919907138711,0.6373817259944065
635,105.0,17.37,3,0.7819733023795704,0.598368559869396
636,105.0,16.37,4,0.7233546140452698,0.5418665834010582
637,105.0,15.370000000000001,5,0.6647359257109693,0.4764651303375759
638,105.0,14.370000000000001,6,0.6061172373766687,0.4054899052552244
639,105.0,13.370000000000001,7,0.5474985490423679,0.34837332392649184
640,105.0,12.370000000000001,8,0.4888798607080673,0.28144467471273255
641,105.0,11.370000000000001,9,0.43026117237376665,0.28846825997134434
642,105.0,10.370000000000001,10,0.37164248403946604,0.2774463964799421
643,105.0,9.370000000000001,11,0.31302379570516536,0.36827610773568625
644,105.0,8.370000000000001,12,0.2544051073708648,0.44671211916885334
645,105.0,7.370000000000001,13,0.19578641903656413,0.5327399024038951
646,105.0,6.370000000000001,14,0.13716773070226349,0.606450152144727
647,105.0,5.370000000000001,15,0.07854904236796284,0.606450152144727
648,105.0,4.370000000000001,16,0.01993035403366221,0.606450152144727
649,107.0,20.28,0,0.9525536854323853,0.6556058101493638
650,107.0,19.28,1,0.8939349970980848,0.6354089190969535
651,107.0,18.28,2,0.8353163087637842,0.5917630195020265
652,107.0,17.28,3,0.7766976204294834,0.5387771413474283
653,107.0,16.28,4,0.7180789320951828,0.48616001377965284
654,107.0,15.280000000000001,5,0.6594602437608822,0.43096877131152966
655,107.0,14.280000000000001,6,0.6008415554265816,0.37202981224938625
656,107.0,13.280000000000001,7,0.5422228670922808,0.31884015469638227
657,107.0,12.280000000000001,8,0.4836041787579803,0.2818136389243458
658,107.0,11.280000000000001,9,0.4249854904236796,0.30363777223639177
659,107.0,10.280000000000001,10,0.366366802089379,0.33106166128747566
660,107.0,9.280000000000001,11,0.3077481137550783,0.38817860252664277
661,107.0,8.280000000000001,12,0.2491294254207777,0.4624094351018345
662,107.0,7.280000000000001,13,0.1905107370864771,0.5398468544877466
663,107.0,6.280000000000001,14,0.13189204875217644,0.6081872296175942
664,107.0,5.280000000000001,15,0.0732733604178758,0.6081872296175942
665,107.0,4.280000000000001,16,0.01465467208357516,0.6081872296175942
666,109.0,20.05,0,0.9390713871154962,0.6916532536626273
667,109.0,19.05,1,0.8804526987811956,0.669165038159996
668,109.0,18.05,2,0.821834010446895,0.6369607308781231
669,109.0,17.05,3,0.7632153221125942,0.5470498580503659
670,109.0,16.05,4,0.7045966337782936,0.4585009630401747
671,109.0,15.05,5,0.645977945443993,0.38313003610291074
672,109.0,14.05,6,0.5873592571096923,0.3213519678582105
673,109.0,13.05,7,0.5287405687753917,0.2867798637578908
674,109.0,12.05,8,0.4701218804410911,0.26311623948715557
675,109.0,11.05,9,0.4115031921067904,0.30743438949532575
676,109.0,10.05,10,0.3528845037724898,0.3557191182253828
677,109.0,9.05,11,0.2942658154381892,0.40798130130387167
678,109.0,8.05,12,0.23564712710388855,0.4750236877946239
679,109.0,7.050000000000001,13,0.1770284387695879,0.5468806362335457
680,109.0,6.050000000000001,14,0.11840975043528726,0.6109787309401395
681,109.0,5.050000000000001,15,0.05979106210098663,0.6109787309401395
682,109.0,4.050000000000001,16,0.001172373766685988,0.6109787309401395
683,111.0,19.72,0,0.9197272199651768,0.6569207146973867
684,111.0,18.72,1,0.8611085316308762,0.6305148287236355
685,111.0,17.72,2,0.8024898432965756,0.6240045189984167
686,111.0,16.72,3,0.743871154962275,0.5165486019069966
687,111.0,15.719999999999999,4,0.6852524666279743,0.40336129196614023
688,111.0,14.719999999999999,5,0.6266337782936737,0.2596917484213648
689,111.0,13.719999999999999,6,0.5680150899593731,0.2473488808537956
690,111.0,12.719999999999999,7,0.5093964016250724,0.2524558972229373
691,111.0,11.719999999999999,8,0.45077771329077176,0.24561567378532395
692,111.0,10.719999999999999,9,0.39215902495647115,0.31252627997953575
693,111.0,9.719999999999999,10,0.3335403366221705,0.41329941055511293
694,111.0,8.719999999999999,11,0.27492164828786986,0.428211379686784
695,111.0,7.719999999999999,12,0.21630295995356924,0.5374678824432567
696,111.0,6.719999999999999,13,0.15768427161926857,0.6157723324510753
697,111.0,5.719999999999999,14,0.09906558328496794,0.6157723324510753
698,111.0,4.719999999999999,15,0.040446894950667306,0.6157723324510753
699,113.0,19.53,0,0.90858966918166,0.5674736335938274
700,113.0,18.53,1,0.8499709808473592,0.51161224982919
701,113.0,17.53,2,0.7913522925130586,0.3139887546082891
702,113.0,16.53,3,0.732733604178758,0.2858735769414391
703,113.0,15.530000000000001,4,0.6741149158444573,0.27523354555172375
704,113.0,14.530000000000001,5,0.6154962275101566,0.23037089104207864
705,113.0,13.530000000000001,6,0.556877539175856,0.21390387413160658
706,113.0,12.530000000000001,7,0.4982588508415554,0.24283198279704363
707,113.0,11.530000000000001,8,0.43964016250725474,0.3034518690350364
708,113.0,10.530000000000001,9,0.3810214741729542,0.32151317285367786
709,113.0,9.530000000000001,10,0.3224027858386535,0.430721610478215
710,113.0,8.530000000000001,11,0.2637840975043529,0.5005594418943302
711,113.0,7.530000000000001,12,0.20516540917005222,0.546677714706661
712,113.0,6.530000000000001,13,0.1465467208357516,0.6264391047451189
713,113.0,5.530000000000001,14,0.08792803250145097,0.6264391047451189
714,113.0,4.530000000000001,15,0.02930934416715032,0.6264391047451189
715,115.0,19.44,0,0.9033139872315729,0.5381600513634697
716,115.0,18.44,1,0.8446952988972721,0.47987446360719044
717,115.0,17.44,2,0.7860766105629715,0.3251778942926672
718,115.0,16.44,3,0.727457922228671,0.3097262741539467
719,115.0,15.440000000000001,4,0.6688392338943703,0.2726841528282379
720,115.0,14.440000000000001,5,0.6102205455600697,0.25787694777554565
721,115.0,13.440000000000001,6,0.551601857225769,0.23452042400284567
722,115.0,12.440000000000001,7,0.49298316889146837,0.25250244197049015
723,115.0,11.440000000000001,8,0.4343644805571677,0.3404090526860033
724,115.0,10.440000000000001,9,0.37574579222286714,0.3316450520196826
725,115.0,9.440000000000001,10,0.31712710388856646,0.44243751045088275
726,115.0,8.440000000000001,11,0.25850841555426585,0.519623198708242
727,115.0,7.440000000000001,12,0.19988972721996517,0.5650065189262906
728,115.0,6.440000000000001,13,0.14127103888566456,0.6506520207505991
729,115.0,5.440000000000001,14,0.0826523505513639,0.6506520207505992
730,115.0,4.440000000000001,15,0.024033662217063267,0.6506520207505992
731,117.0,19.39,0,0.9003830528148578,0.6553113111852404
732,117.0,18.39,1,0.8417643644805571,0.6382754427229722
733,117.0,17.39,2,0.7831456761462565,0.6198625417291158
734,117.0,16.39,3,0.7245269878119559,0.5308832561417445
735,117.0,15.39,4,0.6659082994776552,0.3554120844583959
736,117.0,14.39,5,0.6072896111433546,0.29528504250302984
737,117.0,13.39,6,0.5486709228090539,0.2568697527297848
738,117.0,12.39,7,0.49005223447475327,0.28832842472860926
739,117.0,11.39,8,0.43143354614045265,0.36371800758945505
740,117.0,10.39,9,0.37281485780615203,0.354579321115712
741,117.0,9.39,10,0.31419616947185136,0.4651871048299281
742,117.0,8.39,11,0.25557748113755074,0.5369311647846365
743,117.0,7.390000000000001,12,0.1969587928032501,0.6131798886547151
744,117.0,6.390000000000001,13,0.13834010446894948,0.6356167197654365
745,117.0,5.390000000000001,14,0.07972141613464884,0.6356167197654365
746,117.0,4.390000000000001,15,0.021102727800348196,0.6356167197654365
747,119.0,19.35,0,0.8980383052814858,0.6266540303499271
748,119.0,18.35,1,0.8394196169471851,0.6266540303499271
749,119.0,17.35,2,0.7808009286128845,0.5919809667234646
750,119.0,16.35,3,0.7221822402785839,0.39224738801576886
751,119.0,15.350000000000001,4,0.6635635519442832,0.3148411385353693
752,119.0,14.350000000000001,5,0.6049448636099826,0.2777131419389499
753,119.0,13.350000000000001,6,0.546326175275682,0.27112927959676486
754,119.0,12.350000000000001,7,0.48770748694138133,0.2955660092118357
755,119.0,11.350000000000001,8,0.42908879860708066,0.3726476336136899
756,119.0,10.350000000000001,9,0.37047011027278004,0.38130934727753957
757,119.0,9.350000000000001,10,0.3118514219384794,0.4783103548894134
758,119.0,8.350000000000001,11,0.25323273360417875,0.543746995122751
759,119.0,7.350000000000001,12,0.19461404526987813,0.543746995122751
760,119.0,6.350000000000001,13,0.13599535693557752,0.6159497831660762
761,119.0,5.350000000000001,14,0.07737666860127686,0.6159497831660762
762,121.0,19.2,0,0.8892455020313406,0.5568501884537399
763,121.0,18.2,1,0.8306268136970398,0.5568501884537399
764,121.0,17.2,2,0.7720081253627393,0.5080350705776534
765,121.0,16.2,3,0.7133894370284387,0.39990876683001236
766,121.0,15.2,4,0.6547707486941381,0.3440287244987612
767,121.0,14.2,5,0.5961520603598374,0.3134029442467327
768,121.0,13.2,6,0.5375333720255367,0.3139174605674169
769,121.0,12.2,7,0.4789146836912361,0.33807785731294215
770,121.0,11.2,8,0.42029599535693546,0.38724386003887706
771,121.0,10.2,9,0.36167730702263484,0.4348748578432474
772,121.0,9.2,10,0.3030586186883342,0.4748655769717606
773,121.0,8.2,11,0.24443993035403355,0.5276191356875573
774,121.0,7.199999999999999,12,0.1858212420197329,0.5276191356875573
775,121.0,6.199999999999999,13,0.1272025536854323,0.5276191356875573
776,123.0,19.11,0,0.8839698200812536,0.5450130236551279
777,123.0,18.11,1,0.8253511317469528,0.5450130236551279
778,123.0,17.11,2,0.7667324434126522,0.5110532314134193
779,123.0,16.11,3,0.7081137550783516,0.4435389308993192
780,123.0,15.11,4,0.6494950667440509,0.40020312118053747
781,123.0,14.11,5,0.5908763784097503,0.3686455064068158
782,123.0,13.11,6,0.5322576900754497,0.3404090526860033
783,123.0,12.11,7,0.47363900174114903,0.3526668204676887
784,123.0,11.11,8,0.4150203134068484,0.3920562344615089
785,123.0,10.11,9,0.3564016250725478,0.42774586559981814
786,123.0,9.11,10,0.29778293673824713,0.4491096598369368
787,123.0,8.11,11,0.2391642484039465,0.4949707338498871
788,123.0,7.109999999999999,12,0.18054556006964587,0.4949707338498871
789,125.0,19.16,0,0.8869007544979687,0.5121805409023665
790,125.0,18.16,1,0.828282066163668,0.5121805409023665
791,125.0,17.16,2,0.7696633778293673,0.4986957101037056
792,125.0,16.16,3,0.7110446894950667,0.41331233046636895
793,125.0,15.16,4,0.652426001160766,0.37985883552866406
794,125.0,14.16,5,0.5938073128264654,0.359356024682692
795,125.0,13.16,6,0.5351886244921648,0.3485574381307882
796,125.0,12.16,7,0.47656993615786414,0.355350587452527
797,125.0,11.16,8,0.41795124782356347,0.37342231505247053
798,125.0,10.16,9,0.35933255948926285,0.4031863516924921
799,125.0,9.16,10,0.3007138711549622,0.4031863516924921
800,125.0,8.16,11,0.24209518282066156,0.4372191238057098
801,127.0,19.26,0,0.8927626233313987,0.3814759603777174
802,127.0,18.26,1,0.834143934997098,0.3814759603777175
803,127.0,17.26,2,0.7755252466627974,0.3225426727545558
804,127.0,16.26,3,0.7169065583284969,0.30683218251848676
805,127.0,15.260000000000002,4,0.6582878699941962,0.30686236160424163
806,127.0,14.260000000000002,5,0.5996691816598956,0.3066811781224498
807,127.0,13.260000000000002,6,0.541050493325595,0.31595468545508903
808,127.0,12.260000000000002,7,0.4824318049912943,0.3249037820083688
809,127.0,11.260000000000002,8,0.4238131166569936,0.3354384810313745
810,127.0,10.260000000000002,9,0.365194428322693,0.3774406824536901
811,127.0,9.260000000000002,10,0.3065757399883924,0.3774406824536901
812,129.0,19.45,0,0.9039001741149157,0.40844549912685957
813,129.0,18.45,1,0.8452814857806151,0.40844549912685957
814,129.0,17.45,2,0.7866627974463145,0.358589080427342
815,129.0,16.45,3,0.7280441091120138,0.336895815434203
816,129.0,15.45,4,0.6694254207777132,0.32133852475594654
817,129.0,14.45,5,0.6108067324434125,0.30363777223639177
818,129.0,13.45,6,0.5521880441091119,0.2939877742546403
819,129.0,12.45,7,0.49356935577481126,0.3013412572495493
820,129.0,11.45,8,0.43495066744051064,0.32288839731223645
821,129.0,10.45,9,0.37633197910620997,0.33123572105297383
822,129.0,9.45,10,0.31771329077190935,0.3424593698700098
823,131.0,19.74,0,0.9208995937318628,0.4085528943838786
824,131.0,18.74,1,0.8622809053975623,0.36760843738035354
825,131.0,17.74,2,0.8036622170632616,0.35419707642013604
826,131.0,16.74,3,0.745043528728961,0.3011519178881444
827,131.0,15.739999999999998,4,0.6864248403946603,0.27763698679295357
828,131.0,14.739999999999998,5,0.6278061520603597,0.27507814659940066
829,131.0,13.739999999999998,6,0.569187463726059,0.26707281610256384
830,131.0,12.739999999999998,7,0.5105687753917584,0.2966017874072863
831,131.0,11.739999999999998,8,0.45195008705745776,0.3094161984066855
832,131.0,10.739999999999998,9,0.39333139872315714,0.3094161984066855
833,133.0,19.94,0,0.9326233313987232,0.3869493230555751
834,133.0,18.94,1,0.8740046430644225,0.3553710898033551
835,133.0,17.94,2,0.8153859547301219,0.2468387306211534
836,133.0,16.94,3,0.7567672663958213,0.1976395763390261
837,133.0,15.940000000000001,4,0.6981485780615205,0.23905618942083554
838,133.0,14.940000000000001,5,0.6395298897272199,0.2535451603160181
839,133.0,13.940000000000001,6,0.5809112013929193,0.271549798205778
840,133.0,12.940000000000001,7,0.5222925130586187,0.3103001041837086
841,133.0,11.940000000000001,8,0.46367382472431806,0.30146732496123413
842,133.0,10.940000000000001,9,0.4050551363900174,0.325412372040052
843,135.0,19.99,0,0.9355542658154381,0.438620786122865
844,135.0,18.99,1,0.8769355774811374,0.422038759703153
845,135.0,17.99,2,0.8183168891468368,0.42865802621844196
846,135.0,16.99,3,0.7596982008125361,0.4226998393056828
847,135.0,15.989999999999998,4,0.7010795124782354,0.414795701186119
848,135.0,14.989999999999998,5,0.6424608241439348,0.38678982555972774
849,135.0,13.989999999999998,6,0.5838421358096342,0.3712464592585634
850,135.0,12.989999999999998,7,0.5252234474753334,0.3626295521686025
851,135.0,11.989999999999998,8,0.4666047591410329,0.3626295521686024
852,137.0,19.94,0,0.9326233313987232,0.4064692156656236
853,137.0,18.94,1,0.8740046430644225,0.4121115734818398
854,137.0,17.94,2,0.8153859547301219,0.4078666695838504
855,137.0,16.94,3,0.7567672663958213,0.4361951913551531
856,137.0,15.940000000000001,4,0.6981485780615205,0.46407564564654646
857,137.0,14.940000000000001,5,0.6395298897272199,0.45498230080964275
858,137.0,13.940000000000001,6,0.5809112013929193,0.4255796301567872
859,137.0,12.940000000000001,7,0.5222925130586187,0.4209615797881978
860,139.0,19.94,0,0.9326233313987232,0.43245269158719324
861,139.0,18.94,1,0.8740046430644225,0.42857225603126287
862,139.0,17.94,2,0.8153859547301219,0.44724066350773495
863,139.0,16.94,3,0.7567672663958213,0.45462959402448255
864,139.0,15.940000000000001,4,0.6981485780615205,0.4425091925538395
865,139.0,14.940000000000001,5,0.6395298897272199,0.44529836107054294
866,139.0,13.940000000000001,6,0.5809112013929193,0.3941506024877911
867,141.0,20.09,0,0.9414161346488681,0.4789704988718987
868,141.0,19.09,1,0.8827974463145675,0.47570523228040923
869,141.0,18.09,2,0.824178757980267,0.42286755950168514
870,141.0,17.09,3,0.7655600696459663,0.3585690972060299
871,141.0,16.09,4,0.7069413813116656,0.269290569932981
872,141.0,15.09,5,0.648322692977365,0.32660401876288936
873,143.0,20.48,0,0.9642774230992455,0.6393975695611442
874,143.0,19.48,1,0.9056587347649449,0.6183148220554292
875,143.0,18.48,2,0.8470400464306441,0.32571134630207654
876,143.0,17.48,3,0.7884213580963435,0.11577846313020207
877,143.0,16.48,4,0.7298026697620429,0.08318048349938514
878,143.0,15.48,5,0.6711839814277422,0.148850053206152
879,145.0,20.76,0,0.9806906558328498,0.4882854952607077
880,145.0,19.76,1,0.9220719674985491,0.4398188395872634
881,145.0,18.76,2,0.8634532791642484,0.26080736921616965
882,145.0,17.76,3,0.8048345908299478,0.09041276942543741
883,145.0,16.76,4,0.7462159024956472,0.03261438498971009
884,147.0,20.77,0,0.9812768427161926,0.6331068323785466
885,147.0,19.77,1,0.9226581543818919,0.6295869334040209
886,147.0,18.77,2,0.8640394660475913,0.6174798066632153
887,147.0,17.77,3,0.8054207777132907,0.4674354852184246
888,147.0,16.77,4,0.74680208937899,0.29326683708122797
889,149.0,20.77,0,0.9812768427161926,0.627619007710573
890,149.0,19.77,1,0.9226581543818919,0.6279265668185849
891,149.0,18.77,2,0.8640394660475913,0.6230428071387862
892,149.0,17.77,3,0.8054207777132907,0.545849252906043
893,151.0,20.82,0,0.9842077771329077,0.4905083284988481
894,151.0,19.82,1,0.925589088798607,0.49502463763377025
895,151.0,18.82,2,0.8669704004643064,0.48188768980488433
896,153.0,20.92,0,0.9900696459663377,0.5083080611957561
897,153.0,19.92,1,0.9314509576320371,0.5051166916487958
898,155.0,21.06,0,0.9982762623331397,0.4967208313002628
899,155.0,20.06,1,0.9396575739988391,0.5126350843209198
900,157.0,21.16,0,1.0041381311665698,0.48270037352466205
